fen,phase,eval
5r2/p2n2kp/2ppp1p1/1p2p3/4P3/P2PP1PP/1PP1N3/4R1K1 w - - 0 24,complex_endgame,-11
r5k1/3r1ppp/1p2p3/pRb5/P1Pp4/P2P2P1/5P1P/2B1R1K1 w - - 0 26,complex_endgame,-10
3rn1k1/1p2qp2/p5p1/2R4p/3Np3/P3P2P/1PQ2PP1/7K w - - 2 27,complex_endgame,53
6k1/pB3p1p/4bp2/4p3/1P6/P5P1/4rP1P/2R3K1 w - - 0 26,complex_endgame,4
6k1/pp4p1/5p1p/3pqn2/8/1PQ1PP2/P3NKPP/8 w - - 0 27,complex_endgame,25
2kr3r/ppp2pp1/4p2p/q2pP2P/6P1/3QPP2/PPP5/1K1R3R b - - 2 19,complex_endgame,21
8/pp2ppkp/3p1bp1/2q5/4PP2/1BP3P1/PP2Q2P/1K6 b - - 0 23,complex_endgame,5
r6r/4k1pp/1bp2p2/4p3/1PB5/2P5/5PPP/R3R1K1 w - - 1 24,complex_endgame,0
6k1/p2q2pp/bp2p3/3p1p2/3P4/4P1PP/PP3PB1/1Q4K1 w - - 0 26,complex_endgame,28
3r2k1/p4ppp/1pqPp3/2p5/8/3Q1PP1/PP2P1KP/3R4 b - - 1 25,complex_endgame,10
2kr3r/pppq2pp/3p4/3Pp3/2Q5/4P3/PPP3PP/R4RK1 w - - 1 16,complex_endgame,30
5qk1/p2b2pp/1p2p3/3pP3/3P4/PN1Q3P/1P4PK/8 w - - 1 26,complex_endgame,0
6k1/p4pp1/1p2pn1p/6q1/3P4/4PP2/P2Q2PP/2N3K1 b - - 2 27,complex_endgame,-52
3r2k1/1R3p1p/4pb2/2p2p2/2N5/1P4P1/4PP1P/6K1 b - - 4 23,complex_endgame,14
5rk1/1p2bpp1/r3p2p/8/p7/P3P1P1/1P1R1PBP/1R4K1 b - - 0 26,complex_endgame,0
2r3k1/p2bpp1p/1prp2p1/8/3RP3/1B3P2/PPP3PP/1K5R b - - 0 18,complex_endgame,-3
4r1k1/pp3pp1/2p4p/4n3/2P2b2/P1B2P2/1PB2P1P/3R2K1 w - - 2 23,complex_endgame,9
6k1/pp2q1bp/4p1p1/4P3/8/1P3Q2/P1B2PPP/6K1 b - - 0 27,complex_endgame,8
2r3k1/1p2q1pp/p1npp3/4p3/P3P3/3QP3/1PP1N1PP/5RK1 w - - 1 23,complex_endgame,3
2R1b3/r3kpp1/4p1p1/3p4/3N1P2/3P4/4PKPP/8 w - - 7 27,complex_endgame,56
1r4k1/p4q1p/3p2p1/2p1b3/8/1N4P1/PP1Q1P1P/4R1K1 b - - 3 25,complex_endgame,-34
6k1/p4p1p/1p1qpn2/6p1/8/1P2PB2/P3QPPP/6K1 w - - 0 24,complex_endgame,0
4q2k/pppb2p1/3p3p/8/7B/P1P5/2PQ1PPP/6K1 w - - 0 24,complex_endgame,-7
r5k1/5p1p/4p1p1/1p6/3b1P2/3N4/1P2PPKP/5R2 w - - 0 23,complex_endgame,17
2b1nk2/1p2bpp1/p6p/3p4/3N4/4PP2/PP2B1PP/4BK2 b - - 4 23,complex_endgame,23
r3r1k1/1ppb1p1p/p4p2/8/3N4/8/PPP2PPP/3RR1K1 w - - 4 21,complex_endgame,51
2b2k2/5n1p/2Np2p1/5p2/2P5/8/P1r1NPPP/4R1K1 b - - 2 26,complex_endgame,-12
4r3/ppq2pkp/P4np1/2p5/2B5/4P2P/1P2QPP1/3R2K1 b - - 0 23,complex_endgame,28
3k1b2/1p3r1p/p1p1p1p1/4B3/5PP1/2R5/PPP3KP/8 w - - 3 26,complex_endgame,56
3r2k1/3n1ppp/4p3/p1p5/Pp1r4/1P1PRBP1/2P2P1P/R5K1 b - - 2 27,complex_endgame,-29
3r1rk1/p4ppp/Q7/2p5/P2q4/7P/2P2PP1/R4RK1 b - - 2 22,complex_endgame,3
r5k1/1p2rpp1/2p2n1p/p7/3R4/P3PBP1/1P3P1P/3R2K1 b - - 2 27,complex_endgame,2
r2q1rk1/p3pp1p/1p1p2p1/8/2P5/1PQ3P1/P3PPKP/3R1R2 b - - 0 16,complex_endgame,10
6k1/1p2qpp1/p1rp3p/3Rp3/4P3/1QP5/PP3PPP/6K1 w - - 1 24,complex_endgame,4
6k1/5p2/1p1p2p1/2rq3p/3p4/P2Q4/1PP2PPP/4R1K1 w - - 0 25,complex_endgame,16
r5k1/1p1n2pp/p1p1p3/3p4/2PP4/1P2PP1P/P2N4/4R1K1 b - - 0 20,complex_endgame,4
3k4/1pp3Bp/3p4/1q3b2/8/3P4/2P3PP/3Q3K b - - 0 27,complex_endgame,-28
r5k1/p4pp1/7p/2b5/8/7P/PPB2PP1/R5K1 b - - 0 19,complex_endgame,8
4r1k1/pp1n1ppp/2p2n2/3p4/5N2/3P1BPP/PPP2P2/4RK2 b - - 2 19,complex_endgame,-8
r3r3/3nppkp/2pp2p1/p7/4P3/1P1P4/P2R1PPP/3NR1K1 w - - 0 20,complex_endgame,-3
3r2k1/ppq2pp1/7p/8/2P1Q3/6P1/P4P1P/4R1K1 b - - 2 22,complex_endgame,-7
1r4k1/3p1ppp/2b1p3/4P3/1p3R2/3BP3/1PP3PP/6K1 w - - 3 22,complex_endgame,3
5rk1/pp4p1/2p3qp/3pRp2/3P1P2/2P1Q2P/PP3P1K/8 b - - 5 25,complex_endgame,27
2r3k1/p4ppp/8/2p5/2Q5/P3P3/3q1PPP/2R3K1 w - - 0 27,complex_endgame,2
r5k1/1pp2ppp/2np4/p7/2P1r3/PP2P1PP/1B3P2/R4RK1 w - - 0 19,complex_endgame,-2
2r3k1/1p3p1p/p4qp1/8/4Q3/1P4P1/P4P1P/3R2K1 w - - 0 24,complex_endgame,0
r4rk1/5pp1/4p1np/pp2P3/8/5NP1/PP1R1P1P/2R3K1 w - - 0 21,complex_endgame,23
8/1p2kp1p/pn2pnp1/8/Pb6/1P1BP3/4KPPP/2B1N3 b - - 0 23,complex_endgame,0
3q2k1/5pp1/4p2p/pB6/P3Q3/b3P3/5PPP/6K1 w - - 0 23,complex_endgame,0
1rr3k1/pp3pp1/3np2p/P2p4/3P4/2PN2P1/1P2RPKP/R7 w - - 0 25,complex_endgame,3
r2q1rk1/ppb2pp1/2n3p1/3p4/3P4/P3B2P/1P1QNPP1/R3R1K1 w - - 0 17,late_middlegame,-1
1r5r/pp2kp2/1nn1p1p1/3p3p/3P1P1P/2NBP3/PP3P2/R3K1R1 w Q - 0 19,late_middlegame,-10
r4r1k/1p3pp1/pq2bn1p/8/8/2NB1QRP/PP3PP1/4R1K1 w - - 2 20,late_middlegame,-7
r2r2k1/1p2qpp1/2p1p2p/p2nN3/Pb1P4/3NP1P1/1P3PKP/R1QR4 b - - 0 21,late_middlegame,17
r3r1k1/pp1q1pp1/2p3np/5b2/2PP4/1Q3N1P/P4PP1/3RRBK1 w - - 0 18,late_middlegame,35
r3r1k1/pp1n1p1p/2pq1np1/3p4/3P4/2NNP2P/PPQ2PP1/R4RK1 w - - 0 19,late_middlegame,15
rn2k2r/pp2qppp/1n2p3/2ppP3/3P4/3Q1N1P/PPP2PP1/RN3RK1 w kq - 0 11,late_middlegame,12
q4rk1/6pp/r1pbp3/p2p1p2/3P1P2/2N1P3/PPRQ2PP/5RK1 b - - 0 20,late_middlegame,-2
r1b1kb1r/pp3ppp/6n1/3p4/8/2P2N1P/PP3PP1/RNB1K2R w KQkq - 0 11,late_middlegame,25
r1b2rk1/1p1p1pp1/2p4p/p1q1p3/2P5/P2P2P1/1P2PPBP/R2Q1RK1 w - - 0 15,late_middlegame,59
1r3rk1/ppq2pp1/4p1p1/2Np4/P1nP3P/2P5/1P3PP1/R2QR1K1 w - - 1 20,late_middlegame,65
r2qk2r/2p1bppp/p2p1n2/1p2p3/4P3/PPN4P/1P1P1PP1/R1BQ1RK1 b kq - 0 12,late_middlegame,23
r2r2k1/pp3ppp/2n5/1R6/8/2b1PN2/P3BPPP/5K1R b - - 2 17,late_middlegame,25
2r1kb1r/1p1n2pp/p4p2/3Np3/8/2N1K1P1/PP2PP1P/3R3R b k - 0 18,late_middlegame,13
r3kb1r/ppp2ppp/2p1b3/4Pn2/5B2/2N2N2/PPP2PPP/R4RK1 w - - 4 11,late_middlegame,0
r1b1r1k1/pp3ppp/5n2/2p1q3/8/P1PBP3/2Q2PPP/R1B2RK1 w - - 0 15,late_middlegame,18
r3k2r/pbp2p2/1p1ppn1p/3P2p1/1PP1P3/P2B1N2/5PPP/R3K2R w KQkq - 0 16,late_middlegame,26
r4rk1/pp1n1ppp/3qpn2/3p4/3P4/4PN2/PP1N1PPP/2RQ1RK1 w - - 1 14,late_middlegame,18
r3r1k1/pp2qp1p/5bp1/2Pp1p2/1P3Q2/P4B2/5PPP/3R1RK1 w - - 0 21,late_middlegame,52
r2q1rk1/1p2bpp1/2p1p2p/3n4/p1NP4/P2QPNP1/1P3PP1/R1R3K1 b - - 0 19,late_middlegame,10
r3r1k1/1p3p1p/p1b3pb/3pB3/5P2/1NP1R2P/PP4P1/4R1K1 b - - 0 22,late_middlegame,0
2r4r/1p2pk1p/p4npb/8/R2N4/2N5/PPP2P1P/3RK3 w - - 0 22,late_middlegame,-11
b7/4npbk/1q1p2pp/1pnPp3/2p1P3/2P1BNN1/1PBQ1PPP/7K w - - 0 23,late_middlegame,0
2r3k1/ppprnppp/4p3/3n4/3P4/P1B1P1P1/P4PBP/2R2RK1 w - - 0 18,late_middlegame,60
r1br2k1/p3nppp/1p6/2bp4/8/2N3P1/PP1BPPBP/2R1K2R w K - 2 16,late_middlegame,19
r2q1rk1/p3bp1p/2p3p1/1pn1P3/8/4QN1P/PP2BPP1/R4RK1 b - - 1 19,late_middlegame,17
1rr5/p1b1kppp/2p1p3/P2n4/8/2P3P1/1P1NKP1P/R1BR4 w - - 1 23,late_middlegame,29
r3k2r/1p3ppp/1pp1bn2/3p4/8/P1NP2P1/1P2PPBP/R3K2R w KQkq - 0 15,late_middlegame,-17
5rk1/3rqn1p/1p4p1/5p2/1b6/1N3QP1/4PPKP/3R2RN w - - 0 21,late_middlegame,-25
r4rk1/p1p2ppp/3q4/2bN3b/8/3B1P2/P1P3PP/1R1QR2K w - - 6 17,late_middlegame,10
2r3k1/pb2qpp1/1p1ppnnp/8/3PP3/P2B1NP1/1P1NQP1P/4R1K1 b - - 0 21,late_middlegame,-10
r2q1rk1/1pp1bpp1/4pn1p/p3N3/P1QP4/2N1P1P1/1P3PKP/R4R2 b - - 0 15,late_middlegame,21
r4rk1/p4ppp/1p2pb2/2q5/4Q3/2P2N2/PP3PPP/R2R2K1 b - - 0 16,late_middlegame,-21
4rbk1/p1r2p1p/1p2b1p1/3pP1P1/3P1R1P/2P5/P2BB3/5RK1 b - - 6 25,late_middlegame,19
r1b1r1k1/pp2qpp1/2p4p/3p3n/3P4/2PBP3/P1Q2PPP/2N1RRK1 b - - 0 16,late_middlegame,3
3r2k1/1pq1bpp1/p1n1b2p/2p1p3/4P3/1PP2N2/P1Q1BPPP/2B2RK1 w - - 0 16,late_middlegame,0
1r1qk2r/pp1nnppp/2p5/3p4/3P4/NQP3P1/PP3PBP/R4RK1 w k - 0 16,late_middlegame,27
r4rk1/p4pp1/2Q1pq1p/8/2B5/4P3/PbR2PPP/5RK1 b - - 1 16,late_middlegame,6
r1b3k1/pp4p1/1qp1nr1p/3p4/3P4/1P2BP2/P3B1PP/R2Q1RK1 w - - 0 20,late_middlegame,60
r3r1k1/1p1qppbp/1np3p1/p7/P2P4/2PQ1PP1/1PB4P/R1B1R1K1 b - - 0 19,late_middlegame,0
r4rk1/2q2ppp/2p2b2/3n4/8/1P3N2/2QB1PPP/2R2RK1 b - - 0 19,late_middlegame,0
r4rk1/pbq2ppp/1p2pb2/2p5/2BPp3/1P2P3/PBP1QPPP/R2R2K1 w - - 4 15,late_middlegame,25
1r3rk1/p5pp/1nn1p3/3pP3/2bP2P1/R2N1N2/2P1B2P/5RK1 b - - 0 23,late_middlegame,-44
r4rk1/pp4q1/3pb2p/2p2npQ/2P1B3/1P1P2P1/P5NP/R4R1K w - - 8 25,late_middlegame,-3
rn1q1rk1/p4ppp/1p2p3/8/3PP3/3Q1N2/P4PPP/2R2RK1 b - - 0 14,late_middlegame,17
r1b2rk1/ppp2ppp/8/2b5/3N4/2P5/PPP1KPPP/R1B4R w - - 1 13,late_middlegame,39
r4rk1/1pp2pp1/2np1n1p/p3p3/P3P3/1NPPB2P/1P3PP1/R3R1K1 b - - 0 19,late_middlegame,-3
2r1r1k1/1p2bppp/p1qppn2/8/2PBP3/1PNQ4/P4PPP/2RR2K1 b - - 0 16,late_middlegame,35
4r1k1/1p1q1pp1/p1b3np/3p4/P7/2P1NN1P/1PQ2PP1/R5K1 b - - 0 24,late_middlegame,0
1rb2rk1/p4ppp/2pq1n2/3p4/8/2NB3P/PPPQ1PP1/1R3RK1 w - - 0 15,late_middlegame,8
r1bq1rk1/p3ppb1/2p2np1/2p4p/2Pp3P/1P1P2P1/PB2PPB1/RN1Q1RK1 b - - 0 11,middlegame,-74
1r1q1rk1/1p1bppbp/p1np1np1/2p5/2P5/1PNPP1PP/P3NPB1/R1BQ1RK1 w - - 1 11,middlegame,25
r3k2r/1bq2ppp/p1n1pn2/1pb5/8/2NBPN2/PP2QPPP/R1BR2K1 w kq - 2 12,middlegame,13
r1bqr1k1/ppb2ppp/2p2nn1/4p3/P3P3/2P2N1P/1P1N1PP1/R1BQRBK1 w - - 0 14,middlegame,30
r1b1kb1r/2qp1ppp/ppn1p1n1/8/4P3/2PB1N2/PP3PPP/RNBQR1K1 w kq - 1 11,middlegame,19
r2qk2r/1b1n1ppp/p4b2/1p1p4/2pP4/P1N2NPB/1PQ1PP1P/3RK2R w Kkq - 0 14,middlegame,-13
r1bq1rk1/pp2bpp1/2n1pn1p/8/2BP3B/2N2N2/PP3PPP/R2Q1RK1 w - - 3 11,middlegame,17
r1bq1rk1/1pp2pb1/2np1npp/4p3/1PP5/2NP1NP1/4PPBP/1RBQ1RK1 b - - 0 11,middlegame,28
rn1q1rk1/p3bppp/2pp1n2/4p3/P1B5/3PBN2/1PP2PPP/R2QK2R w KQ - 0 12,middlegame,-46
r2qr1k1/pbppbppp/1pn2n2/5N2/2P5/PQN1P3/1P2BPPP/R1B1K2R w KQ - 5 11,middlegame,34
r1bqr1k1/5pp1/1p3n2/p1pPp3/2P1PnPp/1P2N2P/PBQ3B1/R4RK1 w - - 3 22,middlegame,54
r1bq1rk1/1p3ppp/2n1pn2/p1bp4/2P5/4PNP1/PP1N1PBP/RQB2RK1 w - - 0 12,middlegame,5
rn1qr1k1/p4ppp/1ppb1n2/3p4/3P4/1PNQPN2/P4PPP/R1B2RK1 b - - 0 12,middlegame,-24
3r1rk1/ppqb1pbp/5np1/8/2PNp3/1P2Q1PP/PB3PB1/R4RK1 w - - 2 19,middlegame,15
r4rk1/2pq1ppp/1pnb1n2/p3p3/4P3/PP3NP1/2PN1PKP/R1BQR3 b - - 2 14,middlegame,-17
rn1q1rk1/1b1pbpp1/4pn1p/p1p5/2P5/1P3NP1/PBQNPPBP/R4RK1 w - - 0 12,middlegame,-5
rn1q1rk1/p3bppp/1pp1pn2/2Pp4/1P1P4/2NQPN2/PB3PPP/R4RK1 b - - 0 11,middlegame,-4
r4rk1/pppbqpp1/2nbp2p/8/2QP4/P1N1PN2/1P2BPPP/R3K2R w KQ - 1 13,middlegame,29
r3k2r/pp1nqppp/2p1b3/3p3n/P2P4/2NBP3/1P2NPPP/R2QK2R w KQkq - 0 11,middlegame,42
rn1q1rk1/pbp2ppp/1p1np3/8/3PN3/3B1N2/PPP1QPPP/R4RK1 b - - 0 11,middlegame,13
r1b2rk1/pp1nbppp/5n2/q1p5/N7/PP2PN2/1B1P2PP/2RQKB1R w K - 1 12,middlegame,42
rnbq1rk1/1p2bppp/p3pn2/8/3N4/2N1P3/PP1BBPPP/R2Q1RK1 w - - 6 11,middlegame,34
r2q1rk1/pb2bppp/1pn5/2p5/5B2/2NP1N2/PPP2PPP/R2QR1K1 b - - 3 13,middlegame,10
r1bqr1k1/pp3pp1/2pb1n1p/3pN3/3P1P2/2NBP3/PPQ3PP/R4RK1 b - - 0 15,middlegame,4
rn1q1rk1/p3bppp/1p2p3/2pb4/8/1P2PN2/PB1PBPPP/R2Q1RK1 w - - 0 11,middlegame,6
r2q1rk1/1b1nppbp/1p3np1/p1pp4/P2P4/BPP2NP1/3NPPBP/R2Q1RK1 w - - 0 11,middlegame,-17
r2q1rk1/1p2bppp/p1n2n2/3p4/3P1B2/6PP/PP2NPB1/R2Q1RK1 b - - 0 13,middlegame,35
rn1q1rk1/pb3ppp/1p2p3/3n4/1b1P4/2NB1N2/PP1B1PPP/R2QR1K1 b - - 0 11,middlegame,-7
r2q1rk1/1p1nbppp/2p1pn2/p4b2/4N3/3P1NP1/PPP1QPBP/R1B1R1K1 w - - 0 11,middlegame,15
r4rk1/1pqbbppp/p2ppn2/4n3/2PNP3/1BN1B3/PP2QPPP/2R2RK1 b - - 8 13,middlegame,-32
r1bq1rk1/pp3ppp/2n5/3p4/1b3B2/3BP3/PP1N1PPP/R2Q1RK1 b - - 5 12,middlegame,25
r3brk1/1pb1q1pp/p1p1p3/2PpNp2/PP1PnP2/4P1P1/1BQ3BP/R4RK1 w - - 1 20,middlegame,14
r1bq1rk1/5pbp/p1nppnp1/1pp5/4P3/P1NP1N1P/BPP2PP1/R1BQR1K1 w - - 0 11,middlegame,2
r1bq1rk1/p3ppbp/1pn3p1/2p5/2BPP3/2P1B3/P3NPPP/R2Q1RK1 w - - 0 11,middlegame,29
rnbqk2r/1ppn1p2/3p2p1/p2Pp2p/2P1P2P/2N2P2/PP1QN1P1/R3KB1R w KQq - 2 12,middlegame,6
r2q1rk1/ppp1bpp1/2npb2p/4p1n1/P1B1P3/1PPP1N2/3N1PPP/R1BQR1K1 w - - 1 11,middlegame,17
r1b1r1k1/p1qnbppp/1p2pn2/8/2PP4/1N1B1N2/PB2QPPP/R4RK1 w - - 2 14,middlegame,35
r2q1r1k/1pb2bpp/p1p1np2/P1p1p3/4P3/1P1P1NNP/2PB1PP1/R2Q1RK1 w - - 9 18,middlegame,0
r2q1rk1/1pp1bppb/n3pn1p/p2p4/P7/1P1P1NP1/1BPNPPBP/R2QR1K1 w - - 5 11,middlegame,-18
r1bq1rk1/1pp1n1bp/3p1np1/1P2pp2/2P5/2N2NP1/3PPPBP/1RBQ1RK1 w - - 1 12,middlegame,39
r1bq1rk1/pp1n1pbp/2p3p1/5p2/2pP4/1P2P1P1/P3NPBP/RN1Q1RK1 w - - 0 11,middlegame,58
r1bq1rk1/p2n1ppp/4pn2/b1p5/2B5/P1N1P1N1/1P1B1PPP/R2Q1RK1 w - - 2 12,middlegame,28
r3qbk1/1pp2p2/4rnpp/pPn1p3/P1N1P3/B1P2N1P/2Q2PP1/3RR1K1 w - - 4 21,middlegame,18
r2qkb1r/p2p1ppp/1pb1p1n1/4P3/8/P1PB1N2/1P2QPPP/R1B1K2R b KQkq - 5 12,middlegame,-47
r2q1rk1/1bpn1ppp/1p3n2/p2p4/3P4/PPNQ1NP1/4PPBP/R4RK1 w - - 0 16,middlegame,37
r2q1rk1/3bbppp/1pn1pn2/p2p4/3P4/P1N2NP1/1PQ1PPBP/R1B2RK1 w - - 0 12,middlegame,12
r4rk1/p1qnnpp1/2b1p2p/2p5/2N5/4PN2/PPQ1BPPP/2R2RK1 b - - 3 17,middlegame,34
2rq1rk1/pp3ppp/5b2/2np4/3Nn3/1P2P3/PB1NQPPP/R2R2K1 b - - 7 15,middlegame,18
r4rk1/pppqbppp/2np4/5b2/2B5/2P1BN2/PPPQ1PPP/2KR3R w - - 9 11,middlegame,19
r2q1rk1/pbpnbppp/1p1p1n2/8/3P4/2PB1N2/PP1N1PPP/R1BQR1K1 w - - 2 11,middlegame,31
5rk1/6pp/p3R3/3p4/8/6P1/P2r1P1P/5RK1 b - - 2 26,technical_endgame,-8
6k1/ppp2pp1/2pb4/5b1p/2BP4/2P4P/PP3PP1/4B1K1 b - - 0 18,technical_endgame,-3
6k1/1B3pp1/7p/p7/8/1P2P1P1/5P1P/2b3K1 w - - 0 24,technical_endgame,3
6k1/p2n1pbp/1p1p2p1/8/8/5PP1/PP3PBP/2B2K2 b - - 0 25,technical_endgame,0
6k1/5pbp/1pBB2p1/8/8/1b2P1P1/1P3P1P/6K1 w - - 0 24,technical_endgame,39
2B3k1/p4p2/1b2p1pp/8/8/4P1P1/P4P1P/6K1 b - - 0 25,technical_endgame,0
6k1/B4ppp/8/8/P7/7P/5PP1/3b2K1 w - - 0 27,technical_endgame,7
3rr1k1/ppp2ppp/2p5/8/8/P1P3PP/1PP3P1/3R1RK1 w - - 2 18,technical_endgame,-21
1rr5/4ppkp/3p2p1/1p1R4/4P3/5P2/1PP3PP/2KR4 w - - 2 21,technical_endgame,8
6r1/pp3p2/2pp1k2/5P1p/8/2PPR3/PP3P1P/5K2 w - - 0 22,technical_endgame,0
4k3/ppp3p1/5p1p/3b4/8/P1B2P2/1PP3PP/6K1 w - - 0 27,technical_endgame,0
3b4/1p2k1pp/p1p5/4p3/P7/1BP2P1P/1P4P1/2K5 w - - 0 27,technical_endgame,0
6k1/p4pp1/4p2p/8/P7/2b1P3/5PPP/1B4K1 b - - 0 23,technical_endgame,0
r5k1/3R1pp1/1p2p2p/pP6/8/4PP2/P4P1P/6K1 b - - 0 24,technical_endgame,0
6k1/p4p2/2p3p1/8/3r4/5P2/P1P3PP/R5K1 w - - 0 23,technical_endgame,2
5k2/p4ppp/1p6/4P1b1/8/6P1/PP3PKP/3B4 b - - 0 27,technical_endgame,5
r7/5p2/2pk1p1p/p3p3/Pp2P1P1/1P2K2P/1P3P2/2R5 w - - 4 27,technical_endgame,47
6k1/5ppp/4pn2/8/8/4PB2/5PPP/6K1 b - - 0 25,technical_endgame,-2
8/pp6/7p/4kp2/1bB5/8/PP2K1PP/8 w - - 0 26,technical_endgame,1
2n1bk2/pp3pp1/4p2p/8/3N1P2/P2BP3/1P2K1PP/8 w - - 0 23,technical_endgame,28
2b3k1/p5pp/1p3p2/4pP2/4P3/P2B4/1P2K1PP/8 b - - 0 26,technical_endgame,-14
2k5/pp2n1p1/4pp2/1P1pP1p1/P2P2P1/b4N1P/3B1P2/6K1 w - - 1 26,technical_endgame,16
3B2k1/6pp/4bp2/1p2p3/8/2P3P1/4PP1P/6K1 b - - 0 25,technical_endgame,0
6k1/pp2p2p/2n1bpp1/8/8/2N1B1P1/PP2PP1P/5K2 w - - 2 23,technical_endgame,0
5rk1/R4p1p/4p3/5p2/8/6P1/4PP1P/6K1 b - - 0 26,technical_endgame,0
2k5/1pp3pp/p1b5/3p4/5B2/P1P5/1PP2PPP/4K3 b - - 0 22,technical_endgame,21
8/pp3k1p/4p3/5p2/1b3P2/8/PP2B1PP/3K4 w - - 0 24,technical_endgame,0
6k1/1pbn1pp1/p3p2p/3p4/3P4/P2BP1P1/1P2NPP1/6K1 w - - 0 26,technical_endgame,-11
5k2/5pp1/1N5p/pBn1p3/8/4P3/bP3PPP/6K1 w - - 0 26,technical_endgame,0
3b4/pp3kpp/4p3/8/2B5/2P1P3/PP4PP/6K1 w - - 2 25,technical_endgame,21
6k1/pp3p1p/5np1/8/8/1P6/P1N2PPP/6K1 b - - 0 23,technical_endgame,-23
5k2/1p3pp1/p3pb1p/3b4/3P4/P3BP1P/1PB3P1/5K2 b - - 2 25,technical_endgame,-28
2k5/p1p2ppp/8/3b4/5P2/3P3P/PP4P1/4B2K w - - 0 26,technical_endgame,4
1B3k2/5p2/pp2pn1p/6p1/8/P3P3/1P1K1PPP/8 w - - 0 27,technical_endgame,63
6k1/5pp1/p1R5/7p/P2r4/6P1/5P1P/6K1 w - - 0 25,technical_endgame,17
4k3/1pp1b3/p1p1p1p1/4P3/5PP1/2P1B3/PP6/7K b - - 0 26,technical_endgame,45
6k1/1p1r1p2/1p4pp/8/8/P4R1P/1Pr2PP1/4R1K1 w - - 2 24,technical_endgame,18
3B2k1/pp4pp/5p2/8/8/1P4Pb/P4P1P/6K1 b - - 0 25,technical_endgame,-7
6k1/1p3ppp/p1b5/3p4/1P1P1B2/7P/1P3PP1/6K1 b - - 0 24,technical_endgame,-11
2r4k/6pp/p2R1p2/1p2p3/8/2P1PP1P/P4P2/6K1 b - - 0 27,technical_endgame,0
3b2k1/p4pp1/4p2p/8/1p6/4P3/PPB2PPP/6K1 b - - 0 26,technical_endgame,0
6k1/1p4pp/p3R3/8/P7/2r3P1/5P1P/6K1 b - - 0 25,technical_endgame,0
8/1p1r3p/p2kp1p1/5p2/2R1PP2/2P3P1/1PK4P/8 b - - 3 26,technical_endgame,7
4k3/p4p1p/2pb2p1/8/2B5/6P1/PP3P1P/5K2 b - - 0 23,technical_endgame,0
4k3/ppp4p/3b1pp1/3p4/3P1P1N/6P1/PPP4P/2K5 w - - 0 22,technical_endgame,10
6k1/p4pb1/2pp2p1/2p3Bp/8/1P1PP2P/P1P3P1/6K1 b - - 0 25,technical_endgame,10
8/5pkp/pr2pp2/R7/3rP3/1P4P1/P3R2P/6K1 b - - 2 26,technical_endgame,-24
3b4/pp3pk1/2p2p1p/4p3/2B1P3/2P3P1/PP3P1P/6K1 w - - 0 22,technical_endgame,16
6k1/5pp1/1B2b3/7p/4P3/5P2/6PP/6K1 b - - 0 27,technical_endgame,0
5k2/3R2pp/p4r2/1p2p3/8/P1P5/1P3PKP/8 w - - 3 26,technical_endgame,4
rnbqkb1r/pp3ppp/2pp4/4P3/2B5/2n2N2/PPP2PPP/R1BQK2R w KQkq - 0 7,opening,14
r1bq1rk1/pppnbppp/3p1n2/3Pp3/2P1P3/2N2Q2/PP3PPP/R1B1KBNR w KQ - 3 7,opening,14
r2qkb1r/pp1npppp/5n2/1B1p4/3P2b1/2P2N2/PP3PPP/RNBQK2R w KQkq - 3 7,opening,14
2kr1bnr/ppp1pppp/2n5/q7/3P2b1/2N2N2/PPPB1PPP/R2QKB1R w KQ - 3 7,opening,13
r2qk2r/ppp2ppp/2np1n2/2b1p3/2B1P1b1/P2P1N2/1PP2PPP/RNBQ1RK1 w kq - 1 7,opening,17
rnbq1rk1/p1p1bppp/1p2pn2/3p4/8/1P3NP1/PBPPPPBP/RN1Q1RK1 w - - 2 7,opening,11
r1bqk1nr/pp3pbp/2n1p1p1/2pp4/4P3/2PP1NP1/PP2QP1P/RNB1KB1R w KQkq - 2 7,opening,10
rn1qkb1r/1b1p1ppp/p3pn2/1pp5/4PP2/P1N3P1/1PPP2BP/R1BQK1NR w KQkq - 1 7,opening,10
r1bq1rk1/ppppbppp/5n2/4p3/3nP3/2NP2P1/PPPB1PBP/R2QK1NR w KQ - 5 7,opening,10
rnbq1rk1/pp2ppbp/2p2np1/3p4/3P4/5NP1/PPP1PPBP/RNBQR1K1 w - - 0 7,opening,18
r1bqk2r/pppp2bp/2n2np1/4pp2/3P1N2/2P3P1/PP2PPBP/RNBQK2R w KQkq e6 0 7,opening,20
rn1qk2r/pb1pbppp/1p2pn2/2p5/3P4/1P1BPN2/PBP2PPP/RN1QK2R w KQkq - 2 7,opening,20
r1bqk2r/pp1p1ppp/2p2n2/4p3/Bb1nP3/2NP1N2/PPP2PPP/R1BQK2R w KQkq - 0 7,opening,8
r2qk1nr/1pp2ppp/p1pb4/4p3/4P1b1/2NP1N2/PPP2PPP/R1BQK2R w KQkq - 3 7,opening,7
r2qkb1r/pp1bpp1p/2np1np1/1Bp5/4P3/3P1N2/PPPN1PPP/R1BQ1RK1 w kq - 0 7,opening,7
rn1qk1nr/pb1p1pbp/1p2p1p1/2p5/4PP2/2NP2P1/PPP3BP/R1BQK1NR w KQkq - 1 7,opening,7
r3kbnr/pppq1pp1/2np4/4pb1p/8/1P1PP1P1/PBP2PBP/RN1QK1NR w KQkq h6 0 7,opening,6
r1bqkb1r/pp2pppp/2nn4/8/8/5N2/PPPN1PPP/R1BQKB1R w KQkq - 0 7,opening,5
rnbqk2r/pp2ppbp/6pn/3pP3/3P4/4B3/PP3PPP/RN1QKBNR w KQkq - 3 7,opening,23
rn1qkb1r/pb3ppp/1p1ppn2/2p5/4P3/1PNB1N2/PBPP1PPP/R2QK2R w KQkq - 0 7,opening,5
rn1q1rk1/pbppppbp/1p3np1/8/2PP4/1PN1PN2/P4PPP/R1BQKB1R w KQ - 1 7,opening,4
r1bqkb1r/1p1p1ppp/p1n2n2/4p1B1/4P3/5N2/PPP2PPP/RN1QKB1R w KQkq - 4 7,opening,4
rnbqkb1r/pp2p1pp/5p2/2p5/8/1Pn2N2/PB1PPPPP/R2QKB1R w KQkq - 0 7,opening,24
r1bq1rk1/pppp1ppp/5n2/1Bb1p3/3nP3/3P1N1P/PPP2PP1/RNBQ1RK1 w - - 3 7,opening,4
r1bqkb1r/ppp1pppp/3p4/4n3/2B5/2P2N2/P1PP1PPP/R1BQK2R w KQkq - 0 7,opening,4
r1bqk2r/ppp2pbp/2n2np1/3pp3/4P3/2PP1N2/PPQ1BPPP/RNB1K2R w KQkq - 2 7,opening,25
rnbqkbnr/5ppp/p2pp3/1p6/3NPB2/2N5/PPP2PPP/R2QKB1R w KQkq - 0 7,opening,3
rn1q1rk1/pbppppbp/1p3np1/8/8/1P2PN2/PBPPBPPP/RN1Q1RK1 w - - 4 7,opening,3
r1bqk1nr/pp1p1pb1/2n1p1pp/2p5/2P4P/2NP2P1/PP2PPB1/R1BQK1NR w KQkq - 0 7,opening,3
rn1q1rk1/pbppbppp/1p2pn2/1P6/2P5/4PN2/PB1P1PPP/RN1QKB1R w KQ - 1 7,opening,3
r1b1kb1r/ppqnpppp/2p2n2/8/2QP4/2N2N2/PP2PPPP/R1B1KB1R w KQkq - 1 7,opening,26
r1bqk2r/p1p2ppp/2pp1n2/2b1p3/4P3/3P1N2/PPPN1PPP/R1BQK2R w KQkq - 0 7,opening,2
r1bqkb1r/pp3ppp/2n1p3/2ppPn2/3P4/P1P2N2/1P3PPP/RNBQKB1R w KQkq - 1 7,opening,26
r1b1kbnr/pp2pppp/2n5/q7/8/2P1B3/PP3PPP/RN1QKBNR w KQkq - 2 7,opening,27
r2qkbnr/pb3ppp/1pn1p3/2pp4/4PP2/2NP1N2/PPP1B1PP/R1BQK2R w KQkq - 2 7,opening,0
rnb1kbnr/1p3ppp/p3p3/2P5/2B5/4PN2/PP3PPP/RNBqK2R w KQkq - 0 7,opening,0
rnb1kbnr/1pqp1p1p/p3p1p1/8/3NP1Q1/3B4/PPP2PPP/RNB1K2R w KQkq - 0 7,opening,28
rnbq1rk1/pp1pnpbp/4p1p1/2p1P3/2B5/2NP1N2/PPP2PPP/R1BQK2R w KQ - 1 7,opening,0
rn1qkb1r/pp3ppp/2p2n2/3p1b2/8/1P2PN2/PB1P1PPP/RN1QKB1R w KQkq - 0 7,opening,0
rnbq1rk1/pp1p1ppp/4pn2/8/1pPP4/4PN2/PP3PPP/RN1QKB1R w KQ - 0 7,opening,29
r1bqkb1r/pp1p1ppp/2n1p3/3nP3/3Q1P2/5N2/PPP3PP/RNB1KB1R w KQkq - 2 7,opening,-3
rnbqk2r/1p2bppp/p2ppn2/2p5/P1B1P3/2NP1N2/1PP2PPP/R1BQK2R w KQkq - 1 7,opening,-3
r2qkb1r/pb1npppp/1p1p1n2/2p5/3P1B2/4PN1P/PPPN1PP1/R2QKB1R w KQkq - 2 7,opening,31
rnbqrbk1/pppp1ppp/5n2/4p3/2P5/P1N3P1/1PQPPPBP/R1B1K1NR w KQ - 1 7,opening,-3
rnbq1rk1/p1ppnpbp/1p2p1p1/8/2PP4/P4NP1/1P2PPBP/RNBQK2R w KQ - 3 7,opening,33
r1bqk2r/pppp1ppp/2n2n2/b7/3NP3/P1N5/1PP2PPP/R1BQKB1R w KQkq - 1 7,opening,35
rn1qk2r/ppp1bpp1/4pn1p/3p1b2/3P4/PP2PN2/1BP2PPP/RN1QKB1R w KQkq - 1 7,opening,-7
r2k1bnr/ppp2ppp/2n5/4pb2/8/5NP1/PPP1PPBP/RNB1K2R w KQ - 2 7,opening,35
r1bqk2r/2ppbppp/p1n2n2/1p2p3/4P3/1BN2N2/PPPP1PPP/R1BQK2R w KQkq - 4 7,opening,35
r1bqkb1r/1pp2ppp/p1n2n2/3p4/8/1P3N2/PBPPBPPP/RN1QK2R w KQkq - 4 7,opening,-7
